Workbook

Sheet Rekapitulasi
B2: REKAPITULASI
B4: Nomor | C4: Nama Vendor | D4: Bahan | E4: Nilai Evaluasi | F4: Hasil
B5: 1 | C5: Bu Fatim | D5: Sayuran | E5: ='Bu Fatim'!D17 -> 3.95 | F5: ='Bu Fatim'!E17 -> Excellent
B6: 2 | C6: UD. Hasil Bumi | D6: Sayuran | E6: ='UD. Hasil Bumi'!D17 -> 4 | F6: ='UD. Hasil Bumi'!E17 -> Excellent
B7: 3 | C7: Pak Budi Jeruk | D7: Jeruk | E7: ='Pak Budi Jeruk'!D17 -> 3.55 | F7: ='Pak Budi Jeruk'!E17 -> Good
B8: 4 | C8: AM Seafood | D8: Udang Kupas | E8: ='AM Seafood'!D17 -> 3.35 | F8: ='AM Seafood'!E17 -> Good
B9: 5 | C9: Bakoelan Udang | D9: Udang BB Fanami | E9: ='Bakoelan Udang'!D17 -> 3.75 | F9: ='Bakoelan Udang'!E17 -> Excellent
B10: 6 | C10: Mie Kapasan | D10: Mie | E10: ='Mie Kapasan'!D17 -> 3.9 | F10: ='Mie Kapasan'!E17 -> Excellent
B11: 7 | C11: Umi Rosyid | D11: Daging Bakwan, Bakwan Mentah, Iga Mentah | E11: ='Umi Rosyid'!D17 -> 2.85 | F11: ='Umi Rosyid'!E17 -> Poor
B12: 8 | C12: Daging Kandang | D12: Daging Bakwan, Bakwan Mentah, Iga Mentah | E12: ='Daging Kandang'!D17 -> 3.45 | F12: ='Daging Kandang'!E17 -> Good
B13: 10 | C13: Mitra Pangan Perkasa | D13: Otot Frozen | E13: ='Mitra Pangan Handijaya'!D17 -> 3.15 | F13: ='Mitra Pangan Handijaya'!E17 -> Good
B14: 11 | C14: Blessing Chicken | D14: Ayam Fillet Paha dan Ayam Fillet Dada | E14: ='Blessing Chicken '!D17 -> 3.95 | F14: ='Blessing Chicken '!E17 -> Excellent
B15: 12 | C15: Efran | D15: Ayam Fillet Paha, Kulit Ayam Mentah, Ayam Fillet Dada, Ayam F. Paha Kulit | E15: =Efran!D17 -> 3.95 | F15: =Efran!E17 -> Excellent
B16: 13 | C16: Pak Trio | D16: Cabe Merah Besar, Cabe Kecil, Cabe Acar | E16: ='Pak Trio'!D17 -> 3.45 | F16: ='Pak Trio'!E17 -> Good
B17: 14 | C17: Anugrah Telur | D17: Telur Ayam | E17: ='Anugrah Telur'!D17 -> 3.8 | F17: ='Anugrah Telur'!E17 -> Excellent
B18: 15 | C18: Sumber Rejeki | D18: Telur Ayam | E18: ='Sumber Rejeki'!D17 -> 3.95 | F18: ='Sumber Rejeki'!E17 -> Excellent

Sheet Bu Fatim
B1: FORM EVALUASI SUPPLIER
A4: Nama Perusahaan: | B4: Bu Fatim
A5: Bahan/Jasa: | B5: Sayuran
A6: Periode Evaluasi: | B6: 01 Juni 2026 - 30 Juni 2026
A8: Kriteria Evaluasi | B8: Bobot (%) | C8: Skor (1-4) | D8: Nilai (bobot x Skor) | E8: Komentar
A9: Kualitas Produk | B9: 20 | C9: 4 | D9: =B9*C9 -> 80 | E9: Kualitas produk datang sesuai standard
A10: Kesesuaian Quantity | B10: 20 | C10: 4 | D10: =B10*C10 -> 80 | E10: Quantity yang datang sering kali lebih dari orderan
A11: Ketepatan Pengiriman | B11: 20 | C11: 4 | D11: =B11*C11 -> 80 | E11: Pengiriman selalu sesuai lead time
A12: Harga Kompetitif | B12: 20 | C12: 4 | D12: =B12*C12 -> 80 | E12: Harga kompetitif, ada beberapa item yang harganya lebih unggul (rendah) dari supplier lain
A13: Pelayanan dan Responsivitas | B13: 10 | C13: 4 | D13: =B13*C13 -> 40 | E13: Supplier bisa menerima kritik dan saran
A14: Fleksibilitas Pesanan | B14: 5 | C14: 3 | D14: =B14*C14 -> 15 | E14: Tidak bisa order dadakan
A15: Kondisi Pembayaran | B15: 5 | C15: 4 | D15: =B15*C15 -> 20 | E15: Tempo 7 Hari
B16: =SUM(B9:B15) -> 100 | D16: =SUM(D9:D15) -> 395
A17: Total Nilai | D17: =D16/B16 -> 3.95 | E17: =IF(D17>=3.7,"Excellent",IF(D17>=3,"Good",IF(D17<3,"Poor"))) -> Excellent
A19: Keterangan
A20: Skoring
A21: Deskripsi | B21: Skor
A22: Sangat baik | B22: 4
A23: Baik | B23: 3
A24: Kurang | B24: 2
A25: Sangat Kurang | B25: 1
A27: Hasil Total Nilai
A28: Kriteria dan Keputusan | B28: Total Nilai
A29: Excellent (Pertahankan, tingkatkan kerjasama) | B29: ≥ 3,7
A30: Good (Perlu sedikit perbaikan) | B30: 3,0 - 3,6
A31: Poor (Ganti Supplier) | B31: < 3
A34: Dibuat Oleh | E34: Disetujui Oleh
A39: Rahmita R | E39: Riesthandie
A40: Procurement Staf | E40: Procurement & Purchasing Manager

Sheet UD. Hasil Bumi
B1: FORM EVALUASI SUPPLIER
A4: Nama Perusahaan: | B4: UD. Hasil Bumi
A5: Bahan/Jasa: | B5: Sayuran
A6: Periode Evaluasi: | B6: 01 Juni 2026 - 30 Juni 2026
A8: Kriteria Evaluasi | B8: Bobot (%) | C8: Skor (1-4) | D8: Nilai (bobot x Skor) | E8: Komentar
A9: Kualitas Produk | B9: 20 | C9: 4 | D9: =B9*C9 -> 80 | E9: Kualitas produk datang sesuai standard
A10: Kesesuaian Quantity | B10: 20 | C10: 4 | D10: =B10*C10 -> 80 | E10: Quantity datang sesuai orderan, jikalau setelah ditimbang ada yang kurang, supplier langsung mencukupi kekurangan tersebut
A11: Ketepatan Pengiriman | B11: 20 | C11: 4 | D11: =B11*C11 -> 80 | E11: Pengiriman selalu sesuai lead time
A12: Harga Kompetitif | B12: 20 | C12: 4 | D12: =B12*C12 -> 80 | E12: Harga kompetitif, ada beberapa item yang harganya lebih unggul (rendah) dari supplier lain
A13: Pelayanan dan Responsivitas | B13: 10 | C13: 4 | D13: =B13*C13 -> 40 | E13: Supplier bisa menerima kritik dan saran
A14: Fleksibilitas Pesanan | B14: 5 | C14: 4 | D14: =B14*C14 -> 20 | E14: Bisa order dadakan
A15: Kondisi Pembayaran | B15: 5 | C15: 4 | D15: =B15*C15 -> 20 | E15: Tempo 7 Hari
B16: =SUM(B9:B15) -> 100 | D16: =SUM(D9:D15) -> 400
A17: Total Nilai | D17: =D16/B16 -> 4 | E17: =IF(D17>=3.7,"Excellent",IF(D17>=3,"Good",IF(D17<3,"Poor"))) -> Excellent
A19: Keterangan
A20: Skoring
A21: Deskripsi | B21: Skor
A22: Sangat baik | B22: 4
A23: Baik | B23: 3
A24: Kurang | B24: 2
A25: Sangat Kurang | B25: 1
A27: Hasil Total Nilai
A28: Kriteria dan Keputusan | B28: Total Nilai
A29: Excellent (Pertahankan, tingkatkan kerjasama) | B29: ≥ 3,7
A30: Good (Perlu sedikit perbaikan) | B30: 3,0 - 3,6
A31: Poor (Ganti Supplier) | B31: < 3
A34: Dibuat Oleh | E34: Disetujui Oleh
A39: Rahmita R | E39: Riesthandie
A40: Procurement Staf | E40: Procurement & Purchasing Manager

Sheet Pak Budi Jeruk
B1: FORM EVALUASI SUPPLIER
A4: Nama Perusahaan: | B4: Pak Budi
A5: Bahan/Jasa: | B5: Jeruk
A6: Periode Evaluasi: | B6: 01 Juni 2026 - 30 Juni 2026
A8: Kriteria Evaluasi | B8: Bobot (%) | C8: Skor (1-4) | D8: Nilai (bobot x Skor) | E8: Komentar
A9: Kualitas Produk | B9: 20 | C9: 4 | D9: =B9*C9 -> 80 | E9: Jeruk datang sesuai standar
A10: Kesesuaian Quantity | B10: 20 | C10: 4 | D10: =B10*C10 -> 80 | E10: Quantity yang datang sering kali lebih dari order
A11: Ketepatan Pengiriman | B11: 20 | C11: 2 | D11: =B11*C11 -> 40 | E11: Pengiriman selalu tidak sesuai waktu lead time (06.00-07.30)
A12: Harga Kompetitif | B12: 20 | C12: 4 | D12: =B12*C12 -> 80 | E12: Harga bisa bersaing dengan supplier lain
A13: Pelayanan dan Responsivitas | B13: 10 | C13: 4 | D13: =B13*C13 -> 40 | E13: Supplier bisa menerima kritik dan saran
A14: Fleksibilitas Pesanan | B14: 5 | C14: 3 | D14: =B14*C14 -> 15 | E14: Tidak bisa order dadakan
A15: Kondisi Pembayaran | B15: 5 | C15: 4 | D15: =B15*C15 -> 20 | E15: Tempo 7 Hari
B16: =SUM(B9:B15) -> 100 | D16: =SUM(D9:D15) -> 355
A17: Total Nilai | D17: =D16/B16 -> 3.55 | E17: =IF(D17>=3.7,"Excellent",IF(D17>=3,"Good",IF(D17<3,"Poor"))) -> Good
A19: Keterangan
A20: Skoring
A21: Deskripsi | B21: Skor
A22: Sangat baik | B22: 4
A23: Baik | B23: 3
A24: Kurang | B24: 2
A25: Sangat Kurang | B25: 1
A27: Hasil Total Nilai
A28: Kriteria dan Keputusan | B28: Total Nilai
A29: Excellent (Pertahankan, tingkatkan kerjasama) | B29: ≥ 3,7
A30: Good (Perlu sedikit perbaikan) | B30: 3,0 - 3,6
A31: Poor (Ganti Supplier) | B31: < 3
A34: Dibuat Oleh | E34: Disetujui Oleh
A39: Rahmita R | E39: Riesthandie
A40: Procurement Staf | E40: Procurement & Purchasing Manager

Sheet AM Seafood
B1: FORM EVALUASI SUPPLIER
A4: Nama Perusahaan: | B4: AM Seafood
A5: Bahan/Jasa: | B5: Udang BB (Fanami)
A6: Periode Evaluasi: | B6: 01 Juni 2026 - 30 Juni 2026
A8: Kriteria Evaluasi | B8: Bobot (%) | C8: Skor (1-4) | D8: Nilai (bobot x Skor) | E8: Komentar
A9: Kualitas Produk | B9: 20 | C9: 3 | D9: =B9*C9 -> 60 | E9: Udang datang sesuai standar
A10: Kesesuaian Quantity | B10: 20 | C10: 4 | D10: =B10*C10 -> 80 | E10: Quantity yang datang sesuai dengan orderan
A11: Ketepatan Pengiriman | B11: 20 | C11: 2 | D11: =B11*C11 -> 40 | E11: Pengiriman selalu tidak sesuai lead time (09.00-12.00)
A12: Harga Kompetitif | B12: 20 | C12: 4 | D12: =B12*C12 -> 80 | E12: Harga lebih rendah dari supplier lain
A13: Pelayanan dan Responsivitas | B13: 10 | C13: 4 | D13: =B13*C13 -> 40 | E13: Supplier menerima kritik dan saran, fast respon
A14: Fleksibilitas Pesanan | B14: 5 | C14: 3 | D14: =B14*C14 -> 15 | E14: Jika Stocknya ada bisa langsung kirim
A15: Kondisi Pembayaran | B15: 5 | C15: 4 | D15: =B15*C15 -> 20 | E15: Tempo 30 hari
B16: =SUM(B9:B15) -> 100 | D16: =SUM(D9:D15) -> 335
A17: Total Nilai | D17: =D16/B16 -> 3.35 | E17: =IF(D17>=3.7,"Excellent",IF(D17>=3,"Good",IF(D17<3,"Poor"))) -> Good
A19: Keterangan
A20: Skoring
A21: Deskripsi | B21: Skor
A22: Sangat baik | B22: 4
A23: Baik | B23: 3
A24: Kurang | B24: 2
A25: Sangat Kurang | B25: 1
A27: Hasil Total Nilai
A28: Kriteria dan Keputusan | B28: Total Nilai
A29: Excellent (Pertahankan, tingkatkan kerjasama) | B29: ≥ 3,7
A30: Good (Perlu sedikit perbaikan) | B30: 3,0 - 3,6
A31: Poor (Ganti Supplier) | B31: < 3
A34: Dibuat Oleh | E34: Disetujui Oleh
A39: Rahmita R | E39: Riesthandie
A40: Procurement Staf | E40: Procurement & Purchasing Manager

Sheet Bakoelan Udang
B1: FORM EVALUASI SUPPLIER
A4: Nama Perusahaan: | B4: Bakoelan Udang
A5: Bahan/Jasa: | B5: Udang BB (Fanami)
A6: Periode Evaluasi: | B6: 01 Juni 2026 - 30 Juni 2026
A8: Kriteria Evaluasi | B8: Bobot (%) | C8: Skor (1-4) | D8: Nilai (bobot x Skor) | E8: Komentar
A9: Kualitas Produk | B9: 20 | C9: 3 | D9: =B9*C9 -> 60 | E9: Udang datang sesuai standar
A10: Kesesuaian Quantity | B10: 20 | C10: 4 | D10: =B10*C10 -> 80 | E10: Quantity yang datang sesuai dengan orderan
A11: Ketepatan Pengiriman | B11: 20 | C11: 4 | D11: =B11*C11 -> 80 | E11: Pengiriman sesuai lead time (09.00-12.00)
A12: Harga Kompetitif | B12: 20 | C12: 4 | D12: =B12*C12 -> 80 | E12: Harga lebih rendah dari supplier lain
A13: Pelayanan dan Responsivitas | B13: 10 | C13: 4 | D13: =B13*C13 -> 40 | E13: Supplier menerima kritik dan saran, fast respon
A14: Fleksibilitas Pesanan | B14: 5 | C14: 3 | D14: =B14*C14 -> 15 | E14: Jika Stocknya ada bisa langsung kirim
A15: Kondisi Pembayaran | B15: 5 | C15: 4 | D15: =B15*C15 -> 20 | E15: Tempo 30 hari
B16: =SUM(B9:B15) -> 100 | D16: =SUM(D9:D15) -> 375
A17: Total Nilai | D17: =D16/B16 -> 3.75 | E17: =IF(D17>=3.7,"Excellent",IF(D17>=3,"Good",IF(D17<3,"Poor"))) -> Excellent
A19: Keterangan
A20: Skoring
A21: Deskripsi | B21: Skor
A22: Sangat baik | B22: 4
A23: Baik | B23: 3
A24: Kurang | B24: 2
A25: Sangat Kurang | B25: 1
A27: Hasil Total Nilai
A28: Kriteria dan Keputusan | B28: Total Nilai
A29: Excellent (Pertahankan, tingkatkan kerjasama) | B29: ≥ 3,7
A30: Good (Perlu sedikit perbaikan) | B30: 3,0 - 3,6
A31: Poor (Ganti Supplier) | B31: < 3
A34: Dibuat Oleh | E34: Disetujui Oleh
A39: Rahmita R | E39: Riesthandie
A40: Procurement Staf | E40: Procurement & Purchasing Manager

Sheet AHA Mulya
B1: FORM EVALUASI SUPPLIER
A4: Nama Perusahaan: | B4: AHA Mulya
A5: Bahan/Jasa: | B5: Ayam Pejantan
A6: Periode Evaluasi: | B6: 01 April 2026 - 30 April 2026
A8: Kriteria Evaluasi | B8: Bobot (%) | C8: Skor (1-4) | D8: Nilai (bobot x Skor) | E8: Komentar
A9: Kualitas Produk | B9: 20 | C9: 3 | D9: =B9*C9 -> 60 | E9: Ayam defect kecil & patah | G9: 46087 | H9: 0.35347222
A10: Kesesuaian Quantity | B10: 20 | C10: 4 | D10: =B10*C10 -> 80 | E10: Quantity yang datang kurang dari yang di order (Karna beberapa di return)
A11: Ketepatan Pengiriman | B11: 20 | C11: 4 | D11: =B11*C11 -> 80 | E11: Pengiriman sesuai lead time (10.00-12.00)
A12: Harga Kompetitif | B12: 20 | C12: 4 | D12: =B12*C12 -> 80 | E12: Setelah komparasi harga, harganya lebih rendah
A13: Pelayanan dan Responsivitas | B13: 10 | C13: 4 | D13: =B13*C13 -> 40 | E13: Supplier menerima kritik dan saran, fast respon
A14: Fleksibilitas Pesanan | B14: 5 | C14: 4 | D14: =B14*C14 -> 20 | E14: Jika Stocknya ada bisa langsung kirim
A15: Kondisi Pembayaran | B15: 5 | C15: 3 | D15: =B15*C15 -> 15 | E15: Tempo 7 hari
B16: =SUM(B9:B15) -> 100 | D16: =SUM(D9:D15) -> 375
A17: Total Nilai | D17: =D16/B16 -> 3.75 | E17: =IF(D17>=3.7,"Excellent",IF(D17>=3,"Good",IF(D17<3,"Poor"))) -> Excellent
A18: Keterangan
A19: Skoring
A20: Deskripsi | B20: Skor
A21: Sangat baik | B21: 4
A22: Baik | B22: 3
A23: Kurang | B23: 2
A24: Sangat Kurang | B24: 1
A25: Hasil Total Nilai
A26: Kriteria dan Keputusan | B26: Total Nilai
A27: Excellent (Pertahankan, tingkatkan kerjasama) | B27: ≥ 3,7
A28: Good (Perlu sedikit perbaikan) | B28: 3,0 - 3,6
A29: Poor (Ganti Supplier) | B29: < 3
A31: Dibuat Oleh | E31: Disetujui Oleh
A36: Rahmita R | E36: Riesthandie
A37: Procurement Staf | E37: Procurement & Purchasing Manager

Sheet Redjo Mitra Makmur
B1: FORM EVALUASI SUPPLIER
A4: Nama Perusahaan: | B4: Redjo Mitra
A5: Bahan/Jasa: | B5: Ayam Pejantan
A6: Periode Evaluasi: | B6: 01 Juni 2026 - 30 Juni 2026
A8: Kriteria Evaluasi | B8: Bobot (%) | C8: Skor (1-4) | D8: Nilai (bobot x Skor) | E8: Komentar
A9: Kualitas Produk | B9: 20 | C9: 3 | D9: =B9*C9 -> 60 | E9: Ayam defect kecil & patah
A10: Kesesuaian Quantity | B10: 20 | C10: 4 | D10: =B10*C10 -> 80 | E10: Quantity yang datang kurang dari yang di order (Karna beberapa di return)
A11: Ketepatan Pengiriman | B11: 20 | C11: 4 | D11: =B11*C11 -> 80 | E11: Pengiriman selalu tidak sesuai lead time (10.00-12.00)
A12: Harga Kompetitif | B12: 20 | C12: 4 | D12: =B12*C12 -> 80 | E12: Setelah komparasi harga, harganya lebih rendah
A13: Pelayanan dan Responsivitas | B13: 10 | C13: 4 | D13: =B13*C13 -> 40 | E13: Supplier menerima kritik dan saran, fast respon
A14: Fleksibilitas Pesanan | B14: 5 | C14: 4 | D14: =B14*C14 -> 20 | E14: Jika Stocknya ada bisa langsung kirim
A15: Kondisi Pembayaran | B15: 5 | C15: 3 | D15: =B15*C15 -> 15 | E15: Tempo 7 hari
B16: =SUM(B9:B15) -> 100 | D16: =SUM(D9:D15) -> 375
A17: Total Nilai | D17: =D16/B16 -> 3.75 | E17: =IF(D17>=3.7,"Excellent",IF(D17>=3,"Good",IF(D17<3,"Poor"))) -> Excellent
A18: Keterangan
A19: Skoring
A20: Deskripsi | B20: Skor
A21: Sangat baik | B21: 4
A22: Baik | B22: 3
A23: Kurang | B23: 2
A24: Sangat Kurang | B24: 1
A25: Hasil Total Nilai
A26: Kriteria dan Keputusan | B26: Total Nilai
A27: Excellent (Pertahankan, tingkatkan kerjasama) | B27: ≥ 3,7
A28: Good (Perlu sedikit perbaikan) | B28: 3,0 - 3,6
A29: Poor (Ganti Supplier) | B29: < 3
A31: Dibuat Oleh | E31: Disetujui Oleh
A36: Rahmita R | E36: Riesthandie
A37: Procurement Staf | E37: Procurement & Purchasing Manager

Sheet Mie Kapasan
B1: FORM EVALUASI SUPPLIER
A4: Nama Perusahaan: | B4: Mie Kapasan
A5: Bahan/Jasa: | B5: Mie
A6: Periode Evaluasi: | B6: 01 Juni 2026 - 30 Juni 2026
A8: Kriteria Evaluasi | B8: Bobot (%) | C8: Skor (1-4) | D8: Nilai (bobot x Skor) | E8: Komentar
A9: Kualitas Produk | B9: 20 | C9: 4 | D9: =B9*C9 -> 80 | E9: Kualitas sesuai standard mapan
A10: Kesesuaian Quantity | B10: 20 | C10: 4 | D10: =B10*C10 -> 80 | E10: Quantity kedatangan sudah sesuain bahkan selalu lebih
A11: Ketepatan Pengiriman | B11: 20 | C11: 4 | D11: =B11*C11 -> 80 | E11: Pengiriman beberapa kali tidak sesuai lead time (10.00-12.00)
A12: Harga Kompetitif | B12: 20 | C12: 4 | D12: =B12*C12 -> 80 | E12: Supplier Tunggal
A13: Pelayanan dan Responsivitas | B13: 10 | C13: 4 | D13: =B13*C13 -> 40 | E13: Fast respon
A14: Fleksibilitas Pesanan | B14: 5 | C14: 4 | D14: =B14*C14 -> 20 | E14: Sangat fleksibel
A15: Kondisi Pembayaran | B15: 5 | C15: 2 | D15: =B15*C15 -> 10 | E15: Tempo 1 hari
B16: =SUM(B9:B15) -> 100 | D16: =SUM(D9:D15) -> 390
A17: Total Nilai | D17: =D16/B16 -> 3.9 | E17: =IF(D17>=3.7,"Excellent",IF(D17>=3,"Good",IF(D17<3,"Poor"))) -> Excellent
A18: Keterangan
A19: Skoring
A20: Deskripsi | B20: Skor
A21: Sangat baik | B21: 4
A22: Baik | B22: 3
A23: Kurang | B23: 2
A24: Sangat Kurang | B24: 1
A25: Hasil Total Nilai
A26: Kriteria dan Keputusan | B26: Total Nilai
A27: Excellent (Pertahankan, tingkatkan kerjasama) | B27: ≥ 3,7
A28: Good (Perlu sedikit perbaikan) | B28: 3,0 - 3,6
A29: Poor (Ganti Supplier) | B29: < 3
A31: Dibuat Oleh | E31: Disetujui Oleh
A36: Rahmita R | E36: Riesthandie
A37: Procurement Staf | E37: Procurement & Purchasing Manager

Sheet Daging Kandang
B1: FORM EVALUASI SUPPLIER
A4: Nama Perusahaan: | B4: Daging Kandang
A5: Bahan/Jasa: | B5: Daging Bakwan, Bakwan Mentah, Iga Mentah
A6: Periode Evaluasi: | B6: 01 Juni 2026 - 30 Juni 2026
A8: Kriteria Evaluasi | B8: Bobot (%) | C8: Skor (1-4) | D8: Nilai (bobot x Skor) | E8: Komentar
A9: Kualitas Produk | B9: 20 | C9: 4 | D9: =B9*C9 -> 80 | E9: Datang sesuai standard mapan
A10: Kesesuaian Quantity | B10: 20 | C10: 3 | D10: =B10*C10 -> 60 | E10: Beberapa barang yang datang quantity nya kurang
A11: Ketepatan Pengiriman | B11: 20 | C11: 3 | D11: =B11*C11 -> 60 | E11: Beberapa kali tidak sesuai lead time (06.00-07.00)
A12: Harga Kompetitif | B12: 20 | C12: 4 | D12: =B12*C12 -> 80 | E12: Harga rata sama
A13: Pelayanan dan Responsivitas | B13: 10 | C13: 4 | D13: =B13*C13 -> 40 | E13: Fast respon
A14: Fleksibilitas Pesanan | B14: 5 | C14: 3 | D14: =B14*C14 -> 15 | E14: Jika Stocknya ada bisa langsung kirim
A15: Kondisi Pembayaran | B15: 5 | C15: 2 | D15: =B15*C15 -> 10 | E15: Tempo 1 hari
B16: =SUM(B9:B15) -> 100 | D16: =SUM(D9:D15) -> 345
A17: Total Nilai | D17: =D16/B16 -> 3.45 | E17: =IF(D17>=3.7,"Excellent",IF(D17>=3,"Good",IF(D17<3,"Poor"))) -> Good
A18: Keterangan
A19: Skoring
A20: Deskripsi | B20: Skor
A21: Sangat baik | B21: 4
A22: Baik | B22: 3
A23: Kurang | B23: 2
A24: Sangat Kurang | B24: 1
A25: Hasil Total Nilai
A26: Kriteria dan Keputusan | B26: Total Nilai
A27: Excellent (Pertahankan, tingkatkan kerjasama) | B27: ≥ 3,7
A28: Good (Perlu sedikit perbaikan) | B28: 3,0 - 3,6
A29: Poor (Ganti Supplier) | B29: < 3
A31: Dibuat Oleh | E31: Disetujui Oleh
A36: Rahmita R | E36: Riesthandie
A37: Procurement Staf | E37: Procurement & Purchasing Manager

Sheet UD Yasar
B1: FORM EVALUASI SUPPLIER
A4: Nama Perusahaan: | B4: UD Yasar
A5: Bahan/Jasa: | B5: Daging Bakwan, Bakwan Mentah, Iga Mentah
A6: Periode Evaluasi: | B6: 01 Mei 2026 - 31 Mei 2026
A8: Kriteria Evaluasi | B8: Bobot (%) | C8: Skor (1-4) | D8: Nilai (bobot x Skor) | E8: Komentar
A9: Kualitas Produk | B9: 20 | C9: 4 | D9: =B9*C9 -> 80 | E9: Datang sesuai standard mapan
A10: Kesesuaian Quantity | B10: 20 | C10: 2 | D10: =B10*C10 -> 40 | E10: Beberapa barang yang datang quantity nya kurang
A11: Ketepatan Pengiriman | B11: 20 | C11: 3 | D11: =B11*C11 -> 60 | E11: Beberapa kali tidak sesuai lead time (06.00-07.00)
A12: Harga Kompetitif | B12: 20 | C12: 3 | D12: =B12*C12 -> 60 | E12: Harga rata sama
A13: Pelayanan dan Responsivitas | B13: 10 | C13: 4 | D13: =B13*C13 -> 40 | E13: Fast respon
A14: Fleksibilitas Pesanan | B14: 5 | C14: 3 | D14: =B14*C14 -> 15 | E14: Jika Stocknya ada bisa langsung kirim
A15: Kondisi Pembayaran | B15: 5 | C15: 2 | D15: =B15*C15 -> 10 | E15: Tempo 1 hari
B16: =SUM(B9:B15) -> 100 | D16: =SUM(D9:D15) -> 305
A17: Total Nilai | D17: =D16/B16 -> 3.05 | E17: =IF(D17>=3.7,"Excellent",IF(D17>=3,"Good",IF(D17<3,"Poor"))) -> Good
A18: Keterangan
A19: Skoring
A20: Deskripsi | B20: Skor
A21: Sangat baik | B21: 4
A22: Baik | B22: 3
A23: Kurang | B23: 2
A24: Sangat Kurang | B24: 1
A25: Hasil Total Nilai
A26: Kriteria dan Keputusan | B26: Total Nilai
A27: Excellent (Pertahankan, tingkatkan kerjasama) | B27: ≥ 3,7
A28: Good (Perlu sedikit perbaikan) | B28: 3,0 - 3,6
A29: Poor (Ganti Supplier) | B29: < 3
A31: Dibuat Oleh | E31: Disetujui Oleh
A36: Rahmita R | E36: Riesthandie
A37: Procurement Staf | E37: Procurement & Purchasing Manager

Sheet Umi Rosyid
B1: FORM EVALUASI SUPPLIER
A4: Nama Perusahaan: | B4: Umi Rosyid
A5: Bahan/Jasa: | B5: Daging Bakwan, Bakwan Mentah, Iga Mentah
A6: Periode Evaluasi: | B6: 01 Juni 2026 - 30 Juni 2026
A8: Kriteria Evaluasi | B8: Bobot (%) | C8: Skor (1-4) | D8: Nilai (bobot x Skor) | E8: Komentar
A9: Kualitas Produk | B9: 20 | C9: 4 | D9: =B9*C9 -> 80 | E9: Datang sesuai standard mapan
A10: Kesesuaian Quantity | B10: 20 | C10: 2 | D10: =B10*C10 -> 40 | E10: Beberapa barang yang datang quantity nya kurang
A11: Ketepatan Pengiriman | B11: 20 | C11: 2 | D11: =B11*C11 -> 40 | E11: Beberapa kali tidak sesuai lead time (06.00-07.00)
A12: Harga Kompetitif | B12: 20 | C12: 3 | D12: =B12*C12 -> 60 | E12: Harga rata sama
A13: Pelayanan dan Responsivitas | B13: 10 | C13: 4 | D13: =B13*C13 -> 40 | E13: Fast respon
A14: Fleksibilitas Pesanan | B14: 5 | C14: 3 | D14: =B14*C14 -> 15 | E14: Jika Stocknya ada bisa langsung kirim
A15: Kondisi Pembayaran | B15: 5 | C15: 2 | D15: =B15*C15 -> 10 | E15: Tempo 1 hari
B16: =SUM(B9:B15) -> 100 | D16: =SUM(D9:D15) -> 285
A17: Total Nilai | D17: =D16/B16 -> 2.85 | E17: =IF(D17>=3.7,"Excellent",IF(D17>=3,"Good",IF(D17<3,"Poor"))) -> Poor
A18: Keterangan
A19: Skoring
A20: Deskripsi | B20: Skor
A21: Sangat baik | B21: 4
A22: Baik | B22: 3
A23: Kurang | B23: 2
A24: Sangat Kurang | B24: 1
A25: Hasil Total Nilai
A26: Kriteria dan Keputusan | B26: Total Nilai
A27: Excellent (Pertahankan, tingkatkan kerjasama) | B27: ≥ 3,7
A28: Good (Perlu sedikit perbaikan) | B28: 3,0 - 3,6
A29: Poor (Ganti Supplier) | B29: < 3
A31: Dibuat Oleh | E31: Disetujui Oleh
A36: Rahmita R | E36: Riesthandie
A37: Procurement Staf | E37: Procurement & Purchasing Manager

Sheet Mitra Pangan Handijaya
B1: FORM EVALUASI SUPPLIER
A4: Nama Perusahaan: | B4: Mitra Pangan Handijaya
A5: Bahan/Jasa: | B5: Otot Frozen
A6: Periode Evaluasi: | B6: 01 Juni 2026 - 30 Juni 2026
A8: Kriteria Evaluasi | B8: Bobot (%) | C8: Skor (1-4) | D8: Nilai (bobot x Skor) | E8: Komentar
A9: Kualitas Produk | B9: 20 | C9: 3 | D9: =B9*C9 -> 60 | E9: Beberapa otot banyak dikembalikan karena ada bulunya
A10: Kesesuaian Quantity | B10: 20 | C10: 3 | D10: =B10*C10 -> 60 | E10: Beberapa kali pengiriman otot frozen kurang
A11: Ketepatan Pengiriman | B11: 20 | C11: 2 | D11: =B11*C11 -> 40 | E11: Pengiriman tidak sesuai lead time (08.00-12.00)
A12: Harga Kompetitif | B12: 20 | C12: 4 | D12: =B12*C12 -> 80 | E12: Harga lebih rendah dari yang lainnya
A13: Pelayanan dan Responsivitas | B13: 10 | C13: 4 | D13: =B13*C13 -> 40 | E13: Fast respon
A14: Fleksibilitas Pesanan | B14: 5 | C14: 3 | D14: =B14*C14 -> 15 | E14: Jika Stocknya ada bisa langsung kirim
A15: Kondisi Pembayaran | B15: 5 | C15: 4 | D15: =B15*C15 -> 20 | E15: Tempo 7 Hari
B16: =SUM(B9:B15) -> 100 | D16: =SUM(D9:D15) -> 315
A17: Total Nilai | D17: =D16/B16 -> 3.15 | E17: =IF(D17>=3.7,"Excellent",IF(D17>=3,"Good",IF(D17<3,"Poor"))) -> Good
A19: Keterangan
A20: Skoring
A21: Deskripsi | B21: Skor
A22: Sangat baik | B22: 4
A23: Baik | B23: 3
A24: Kurang | B24: 2
A25: Sangat Kurang | B25: 1
A27: Hasil Total Nilai
A28: Kriteria dan Keputusan | B28: Total Nilai
A29: Excellent (Pertahankan, tingkatkan kerjasama) | B29: ≥ 3,7
A30: Good (Perlu sedikit perbaikan) | B30: 3,0 - 3,6
A31: Poor (Ganti Supplier) | B31: < 3
A34: Dibuat Oleh | E34: Disetujui Oleh
A39: Rahmita R | E39: Riesthandie
A40: Procurement Staf | E40: Procurement & Purchasing Manager

Sheet Blessing Chicken 
B1: FORM EVALUASI SUPPLIER
A4: Nama Perusahaan: | B4: Blessing Chicken
A5: Bahan/Jasa: | B5: Ayam Fillet Paha dan Ayam Fillet Dada
A6: Periode Evaluasi: | B6: 01 Juni 2026 - 30 Juni 2026
A8: Kriteria Evaluasi | B8: Bobot (%) | C8: Skor (1-4) | D8: Nilai (bobot x Skor) | E8: Komentar
A9: Kualitas Produk | B9: 20 | C9: 4 | D9: =B9*C9 -> 80 | E9: Datang sesuai standard mapan
A10: Kesesuaian Quantity | B10: 20 | C10: 4 | D10: =B10*C10 -> 80 | E10: Quantity datang seringkali lebih dari quantity order
A11: Ketepatan Pengiriman | B11: 20 | C11: 4 | D11: =B11*C11 -> 80 | E11: Sesuai lead time (08.00-12.00)
A12: Harga Kompetitif | B12: 20 | C12: 4 | D12: =B12*C12 -> 80 | E12: Harga rata sama
A13: Pelayanan dan Responsivitas | B13: 10 | C13: 4 | D13: =B13*C13 -> 40 | E13: Fast respon
A14: Fleksibilitas Pesanan | B14: 5 | C14: 3 | D14: =B14*C14 -> 15 | E14: Jika Stocknya ada bisa langsung kirim
A15: Kondisi Pembayaran | B15: 5 | C15: 4 | D15: =B15*C15 -> 20 | E15: Tempo 7 Hari
B16: =SUM(B9:B15) -> 100 | D16: =SUM(D9:D15) -> 395
A17: Total Nilai | D17: =D16/B16 -> 3.95 | E17: =IF(D17>=3.7,"Excellent",IF(D17>=3,"Good",IF(D17<3,"Poor"))) -> Excellent
A19: Keterangan
A20: Skoring
A21: Deskripsi | B21: Skor
A22: Sangat baik | B22: 4
A23: Baik | B23: 3
A24: Kurang | B24: 2
A25: Sangat Kurang | B25: 1
A27: Hasil Total Nilai
A28: Kriteria dan Keputusan | B28: Total Nilai
A29: Excellent (Pertahankan, tingkatkan kerjasama) | B29: ≥ 3,7
A30: Good (Perlu sedikit perbaikan) | B30: 3,0 - 3,6
A31: Poor (Ganti Supplier) | B31: < 3
A33: Dibuat Oleh | E33: Disetujui Oleh
A38: Rahmita R | E38: Riesthandie
A39: Procurement Staf | E39: Procurement & Purchasing Manager

Sheet Efran
B1: FORM EVALUASI SUPPLIER
A4: Nama Perusahaan: | B4: Efran
A5: Bahan/Jasa: | B5: Ayam Fillet Paha, Kulit Ayam Mentah, Ayam Fillet Dada, Ayam F. Paha Kulit
A6: Periode Evaluasi: | B6: 01 Juni 2026 - 30 Juni 2026
A8: Kriteria Evaluasi | B8: Bobot (%) | C8: Skor (1-4) | D8: Nilai (bobot x Skor) | E8: Komentar
A9: Kualitas Produk | B9: 20 | C9: 4 | D9: =B9*C9 -> 80 | E9: Datang sesuai standard mapan
A10: Kesesuaian Quantity | B10: 20 | C10: 4 | D10: =B10*C10 -> 80 | E10: Quantity datang seringkali lebih dari quantity order
A11: Ketepatan Pengiriman | B11: 20 | C11: 4 | D11: =B11*C11 -> 80 | E11: Sesuai lead time (08.00-12.00)
A12: Harga Kompetitif | B12: 20 | C12: 4 | D12: =B12*C12 -> 80 | E12: Harga rata sama
A13: Pelayanan dan Responsivitas | B13: 10 | C13: 4 | D13: =B13*C13 -> 40 | E13: Fast respon
A14: Fleksibilitas Pesanan | B14: 5 | C14: 3 | D14: =B14*C14 -> 15 | E14: Jika Stocknya ada bisa langsung kirim
A15: Kondisi Pembayaran | B15: 5 | C15: 4 | D15: =B15*C15 -> 20 | E15: Tempo 7 Hari
B16: =SUM(B9:B15) -> 100 | D16: =SUM(D9:D15) -> 395
A17: Total Nilai | D17: =D16/B16 -> 3.95 | E17: =IF(D17>=3.7,"Excellent",IF(D17>=3,"Good",IF(D17<3,"Poor"))) -> Excellent
A20: Keterangan
A21: Skoring
A22: Deskripsi | B22: Skor | G22: 46141 | H22: Efran Berkat Aditama | I22: fillet ayam | K22: 0.30833333 | L22: 0.33333333 | M22: 0.41666667 | N22: Terlalu Cepat | O22: 0
A23: Sangat baik | B23: 4
A24: Baik | B24: 3
A25: Kurang | B25: 2
A26: Sangat Kurang | B26: 1
A27: Hasil Total Nilai
A28: Kriteria dan Keputusan | B28: Total Nilai
A29: Excellent (Pertahankan, tingkatkan kerjasama) | B29: ≥ 3,7
A30: Good (Perlu sedikit perbaikan) | B30: 3,0 - 3,6
A31: Poor (Ganti Supplier) | B31: < 3
A33: Dibuat Oleh | E33: Disetujui Oleh
A38: Rahmita R | E38: Riesthandie
A39: Procurement Staf | E39: Procurement & Purchasing Manager

Sheet Ciomas Japfa
B1: FORM EVALUASI SUPPLIER
A4: Nama Perusahaan: | B4: Ciomas/ Japfa
A5: Bahan/Jasa: | B5: Ayam Fillet Paha, Kulit Ayam Mentah, Ayam Fillet Dada, Ayam F. Paha Kulit
A6: Periode Evaluasi: | B6: 01 April 2026 - 30 April 2026
A8: Kriteria Evaluasi | B8: Bobot (%) | C8: Skor (1-4) | D8: Nilai (bobot x Skor) | E8: Komentar | G8: 46105 | H8: 0.37013889 | K8: Description | L8: Quantity | M8: Quantity Received
A9: Kualitas Produk | B9: 20 | C9: 1 | D9: =B9*C9 -> 20 | E9: Fillet paha berubah warna jadi kebiruan, dikembalikan semua | G9: 46112 | H9: 0.32361111 | K9: Ayam fillet Paha | L9: 60 | M9: 61.06
A10: Kesesuaian Quantity | B10: 20 | C10: 3 | D10: =B10*C10 -> 60 | E10: Quantity datang seringkali sesuai dari quantity order | K10: Kulit Ayam Mentah | L10: 12 | M10: 12.24
A11: Ketepatan Pengiriman | B11: 20 | C11: 4 | D11: =B11*C11 -> 80 | E11: Sesuai lead time (08.00-12.00) | K11: Ayam fillet Paha | L11: 256 | M11: 260.72
A12: Harga Kompetitif | B12: 20 | C12: 4 | D12: =B12*C12 -> 80 | E12: Harga rata sama | K12: Ayam F. Paha Kulit (KG) | L12: 54 | M12: 55.43
A13: Pelayanan dan Responsivitas | B13: 10 | C13: 3 | D13: =B13*C13 -> 30 | E13: Slow respon | K13: Ayam fillet Paha | L13: 80 | M13: 81.46
A14: Fleksibilitas Pesanan | B14: 5 | C14: 3 | D14: =B14*C14 -> 15 | E14: Jika Stocknya ada bisa langsung kirim | K14: Ayam fillet Paha | L14: 204 | M14: 206.56
A15: Kondisi Pembayaran | B15: 5 | C15: 4 | D15: =B15*C15 -> 20 | E15: Tempo 30 Hari | K15: Kulit Ayam Mentah | L15: 12 | M15: 12.27
B16: =SUM(B9:B15) -> 100 | D16: =SUM(D9:D15) -> 305 | K16: Ayam F. Paha Kulit (KG) | L16: 76 | M16: 77.59
A17: Total Nilai | D17: =D16/B16 -> 3.05 | E17: =IF(D17>=3.7,"Excellent",IF(D17>=3,"Good",IF(D17<3,"Poor"))) -> Good | K17: Ayam fillet Paha | L17: 244 | M17: 249.06
K18: Ayam fillet Paha | L18: 16 | M18: 16.21
K19: Kulit Ayam Mentah | L19: 12 | M19: 9.93
A20: Keterangan | K20: Ayam F. Paha Kulit (KG) | L20: 60 | M20: 61.45
A21: Skoring | K21: Ayam fillet Paha | L21: 264 | M21: 268.85
A22: Deskripsi | B22: Skor | H22: 46072 | I22: 0.29513889 | K22: Kulit Ayam Mentah | L22: 20 | M22: 20.35
A23: Sangat baik | B23: 4 | K23: Ayam fillet Paha | L23: 26 | M23: 26.64
A24: Baik | B24: 3 | K24: Ayam fillet dada | L24: 36 | M24: 36.93
A25: Kurang | B25: 2 | K25: Ayam Karkas ( uk. 900-1200gr ) | L25: 12 | M25: 12
A26: Sangat Kurang | B26: 1 | K26: Ayam fillet Paha | L26: 94 | M26: 94.82
A27: Hasil Total Nilai | K27: Ayam fillet Paha | L27: 262 | M27: 267.14
A28: Kriteria dan Keputusan | B28: Total Nilai | K28: Ayam F. Paha Kulit (KG) | L28: 60 | M28: 61.21
A29: Excellent (Pertahankan, tingkatkan kerjasama) | B29: ≥ 3,7 | K29: Ayam fillet Paha | L29: 28 | M29: 28.68
A30: Good (Perlu sedikit perbaikan) | B30: 3,0 - 3,6 | K30: Kulit Ayam Mentah | L30: 12 | M30: 12.29
A31: Poor (Ganti Supplier) | B31: < 3 | K31: Ayam fillet dada | L31: 22 | M31: 22.61
K32: Ayam fillet Paha | L32: 344 | M32: 349.54
A33: Dibuat Oleh | E33: Disetujui Oleh | K33: Ayam fillet Paha | L33: 186 | M33: 190.17
K34: Kulit Ayam Mentah | L34: 12 | M34: 12.28
K35: Ayam fillet Paha | L35: 50 | M35: 51.02
K36: Ayam fillet Paha | L36: 326 | M36: 332.85
K37: Ayam F. Paha Kulit (KG) | L37: 75 | M37: 75
A38: Rahmita R | E38: Riesthandie | K38: Kulit Ayam Mentah | L38: 12 | M38: 12.21
A39: Procurement Staf | E39: Procurement & Purchasing Manager | K39: Ayam F. Paha Kulit (KG) | L39: 2 | M39: 2.01
K40: Ayam fillet Paha | L40: 140 | M40: 142.91
K41: Ayam fillet Paha | L41: 52 | M41: 53.14
K42: Kulit Ayam Mentah | L42: 12 | M42: 0
K43: Ayam F. Paha Kulit (KG) | L43: 56 | M43: 57.41

Sheet Pak Trio
B1: FORM EVALUASI SUPPLIER
A4: Nama Perusahaan: | B4: Pak Trio 'Atok Keputran"
A5: Bahan/Jasa: | B5: Cabe Merah Besar, Cabe Kecil, Cabe Acar
A6: Periode Evaluasi: | B6: 01 Juni 2026 - 30 Juni 2026
A8: Kriteria Evaluasi | B8: Bobot (%) | C8: Skor (1-4) | D8: Nilai (bobot x Skor) | E8: Komentar
A9: Kualitas Produk | B9: 20 | C9: 3 | D9: =B9*C9 -> 60 | E9: Seusuai dengan standard
A10: Kesesuaian Quantity | B10: 20 | C10: 3 | D10: =B10*C10 -> 60 | E10: Beberapa kali pengiriman quantity nya kurang
A11: Ketepatan Pengiriman | B11: 20 | C11: 4 | D11: =B11*C11 -> 80 | E11: Sesuai lead time (06.00-07.30)
A12: Harga Kompetitif | B12: 20 | C12: 4 | D12: =B12*C12 -> 80 | E12: Harga lebih rendah dari yang lainnya
A13: Pelayanan dan Responsivitas | B13: 10 | C13: 4 | D13: =B13*C13 -> 40 | E13: Fast respon
A14: Fleksibilitas Pesanan | B14: 5 | C14: 3 | D14: =B14*C14 -> 15 | E14: Jika Stocknya ada bisa langsung kirim
A15: Kondisi Pembayaran | B15: 5 | C15: 2 | D15: =B15*C15 -> 10 | E15: 2 Hari
B16: =SUM(B9:B15) -> 100 | D16: =SUM(D9:D15) -> 345
A17: Total Nilai | D17: =D16/B16 -> 3.45 | E17: =IF(D17>=3.7,"Excellent",IF(D17>=3,"Good",IF(D17<3,"Poor"))) -> Good
A20: Keterangan
A21: Skoring
A22: Deskripsi | B22: Skor
A23: Sangat baik | B23: 4
A24: Baik | B24: 3
A25: Kurang | B25: 2
A26: Sangat Kurang | B26: 1
A27: Hasil Total Nilai
A28: Kriteria dan Keputusan | B28: Total Nilai
A29: Excellent (Pertahankan, tingkatkan kerjasama) | B29: ≥ 3,7
A30: Good (Perlu sedikit perbaikan) | B30: 3,0 - 3,6
A31: Poor (Ganti Supplier) | B31: < 3
A33: Dibuat Oleh | E33: Disetujui Oleh
A38: Rahmita R | E38: Riesthandie
A39: Procurement Staf | E39: Procurement & Purchasing Manager

Sheet Anugrah Telur
B1: FORM EVALUASI SUPPLIER
A4: Nama Perusahaan: | B4: Anugrah Telur
A5: Bahan/Jasa: | B5: Telur Ayam
A6: Periode Evaluasi: | B6: 01 Juni 2026 - 30 Juni 2026
A8: Kriteria Evaluasi | B8: Bobot (%) | C8: Skor (1-4) | D8: Nilai (bobot x Skor) | E8: Komentar
A9: Kualitas Produk | B9: 20 | C9: 4 | D9: =B9*C9 -> 80 | E9: Telur ayam datang sesuai standar
A10: Kesesuaian Quantity | B10: 20 | C10: 3 | D10: =B10*C10 -> 60 | E10: Quantity yang datang sesuai dengan orderan
A11: Ketepatan Pengiriman | B11: 20 | C11: 4 | D11: =B11*C11 -> 80 | E11: Pengiriman tidak sesuai lead time (12.00-14.00)
A12: Harga Kompetitif | B12: 20 | C12: 4 | D12: =B12*C12 -> 80 | E12: Setelah komparasi harga, harganya lebih rendah
A13: Pelayanan dan Responsivitas | B13: 10 | C13: 4 | D13: =B13*C13 -> 40 | E13: Supplier bisa menerima kritik dan saran
A14: Fleksibilitas Pesanan | B14: 5 | C14: 4 | D14: =B14*C14 -> 20 | E14: Bisa order dadakan
A15: Kondisi Pembayaran | B15: 5 | C15: 4 | D15: =B15*C15 -> 20 | E15: Tempo 7 Hari
B16: =SUM(B9:B15) -> 100 | D16: =SUM(D9:D15) -> 380
A17: Total Nilai | D17: =D16/B16 -> 3.8 | E17: =IF(D17>=3.7,"Excellent",IF(D17>=3,"Good",IF(D17<3,"Poor"))) -> Excellent
A19: Keterangan
A20: Skoring
A21: Deskripsi | B21: Skor
A22: Sangat baik | B22: 4
A23: Baik | B23: 3
A24: Kurang | B24: 2
A25: Sangat Kurang | B25: 1
A27: Hasil Total Nilai
A28: Kriteria dan Keputusan | B28: Total Nilai
A29: Excellent (Pertahankan, tingkatkan kerjasama) | B29: ≥ 3,7
A30: Good (Perlu sedikit perbaikan) | B30: 3,0 - 3,6
A31: Poor (Ganti Supplier) | B31: < 3
A34: Dibuat Oleh | E34: Disetujui Oleh
A39: Rahmita R | E39: Riesthandie
A40: Procurement Staf | E40: Procurement & Purchasing Manager

Sheet Sumber Rejeki
B1: FORM EVALUASI SUPPLIER
A4: Nama Perusahaan: | B4: Anugrah Telur
A5: Bahan/Jasa: | B5: Telur Ayam
A6: Periode Evaluasi: | B6: 01 Juni 2026 - 30 Juni 2026
A8: Kriteria Evaluasi | B8: Bobot (%) | C8: Skor (1-4) | D8: Nilai (bobot x Skor) | E8: Komentar
A9: Kualitas Produk | B9: 20 | C9: 4 | D9: =B9*C9 -> 80 | E9: Telur datang sesuai standart mapan
A10: Kesesuaian Quantity | B10: 20 | C10: 4 | D10: =B10*C10 -> 80 | E10: Quantity yang datang sesuai dengan orderan
A11: Ketepatan Pengiriman | B11: 20 | C11: 4 | D11: =B11*C11 -> 80 | E11: Pengiriman sesuai dengan lead time
A12: Harga Kompetitif | B12: 20 | C12: 4 | D12: =B12*C12 -> 80 | E12: Setelah komparasi harga, harganya lebih rendah
A13: Pelayanan dan Responsivitas | B13: 10 | C13: 4 | D13: =B13*C13 -> 40 | E13: Supplier bisa menerima kritik dan saran
A14: Fleksibilitas Pesanan | B14: 5 | C14: 3 | D14: =B14*C14 -> 15 | E14: Bisa order dadakan
A15: Kondisi Pembayaran | B15: 5 | C15: 4 | D15: =B15*C15 -> 20 | E15: Tempo 7 Hari
B16: =SUM(B9:B15) -> 100 | D16: =SUM(D9:D15) -> 395
A17: Total Nilai | D17: =D16/B16 -> 3.95 | E17: =IF(D17>=3.7,"Excellent",IF(D17>=3,"Good",IF(D17<3,"Poor"))) -> Excellent
A19: Keterangan
A20: Skoring
A21: Deskripsi | B21: Skor
A22: Sangat baik | B22: 4
A23: Baik | B23: 3
A24: Kurang | B24: 2
A25: Sangat Kurang | B25: 1
A27: Hasil Total Nilai
A28: Kriteria dan Keputusan | B28: Total Nilai
A29: Excellent (Pertahankan, tingkatkan kerjasama) | B29: ≥ 3,7
A30: Good (Perlu sedikit perbaikan) | B30: 3,0 - 3,6
A31: Poor (Ganti Supplier) | B31: < 3
A34: Dibuat Oleh | E34: Disetujui Oleh
A39: Rahmita R | E39: Riesthandie
A40: Procurement Staf | E40: Procurement & Purchasing Manager
